Franchise,Release,Release_Date,Distributor,BOM_Link
Marvel Cinematic Universe,Avengers: Endgame,2019-04-26,Walt Disney Studios Motion Pictures,https://www.boxofficemojo.com/release/rl3059975681/?ref_=bo_fr_table_1
Marvel Cinematic Universe,Spider-Man: No Way Home,2021-12-17,Sony Pictures Releasing,https://www.boxofficemojo.com/release/rl2869659137/?ref_=bo_fr_table_2
Marvel Cinematic Universe,Black Panther,2018-02-16,Walt Disney Studios Motion Pictures,https://www.boxofficemojo.com/release/rl2992866817/?ref_=bo_fr_table_3
Marvel Cinematic Universe,Avengers: Infinity War,2018-04-27,Walt Disney Studios Motion Pictures,https://www.boxofficemojo.com/release/rl3043198465/?ref_=bo_fr_table_4
Marvel Cinematic Universe,Deadpool & Wolverine,2024-07-26,Walt Disney Studios Motion Pictures,https://www.boxofficemojo.com/release/rl4108092161/?ref_=bo_fr_table_5
Marvel Cinematic Universe,The Avengers,2012-05-04,Walt Disney Studios Motion Pictures,https://www.boxofficemojo.com/release/rl709199361/?ref_=bo_fr_table_6
Marvel Cinematic Universe,Avengers: Age of Ultron,2015-05-01,Walt Disney Studios Motion Pictures,https://www.boxofficemojo.com/release/rl675644929/?ref_=bo_fr_table_7
Marvel Cinematic Universe,Black Panther: Wakanda Forever,2022-11-11,Walt Disney Studios Motion Pictures,https://www.boxofficemojo.com/release/rl3573908993/?ref_=bo_fr_table_8
Marvel Cinematic Universe,Captain Marvel,2019-03-08,Walt Disney Studios Motion Pictures,https://www.boxofficemojo.com/release/rl3009644033/?ref_=bo_fr_table_9
Marvel Cinematic Universe,Doctor Strange in the Multiverse of Madness,2022-05-06,Walt Disney Studios Motion Pictures,https://www.boxofficemojo.com/release/rl3724903937/?ref_=bo_fr_table_10
Marvel Cinematic Universe,Iron Man 3,2013-05-03,Walt Disney Studios Motion Pictures,https://www.boxofficemojo.com/release/rl1532659201/?ref_=bo_fr_table_11
Marvel Cinematic Universe,Captain America: Civil War,2016-05-06,Walt Disney Studios Motion Pictures,https://www.boxofficemojo.com/release/rl3210970625/?ref_=bo_fr_table_12
Marvel Cinematic Universe,Spider-Man: Far from Home,2019-07-02,Sony Pictures Releasing,https://www.boxofficemojo.com/release/rl3791750657/?ref_=bo_fr_table_13
Marvel Cinematic Universe,Guardians of the Galaxy Vol. 2,2017-05-05,Walt Disney Studios Motion Pictures,https://www.boxofficemojo.com/release/rl2976089601/?ref_=bo_fr_table_14
Marvel Cinematic Universe,Guardians of the Galaxy Vol. 3,2023-05-05,Walt Disney Studios Motion Pictures,https://www.boxofficemojo.com/release/rl2977202945/?ref_=bo_fr_table_15
Marvel Cinematic Universe,Thor: Love and Thunder,2022-07-08,Walt Disney Studios Motion Pictures,https://www.boxofficemojo.com/release/rl3523577345/?ref_=bo_fr_table_16
Marvel Cinematic Universe,Spider-Man: Homecoming,2017-07-07,Sony Pictures Releasing,https://www.boxofficemojo.com/release/rl863208961/?ref_=bo_fr_table_17
Marvel Cinematic Universe,Guardians of the Galaxy,2014-08-01,Walt Disney Studios Motion Pictures,https://www.boxofficemojo.com/release/rl3177416193/?ref_=bo_fr_table_18
Marvel Cinematic Universe,Iron Man,2008-05-02,Paramount Pictures,https://www.boxofficemojo.com/release/rl1482327553/?ref_=bo_fr_table_19
Marvel Cinematic Universe,Thor: Ragnarok,2017-11-03,Walt Disney Studios Motion Pictures,https://www.boxofficemojo.com/release/rl2959312385/?ref_=bo_fr_table_20
Marvel Cinematic Universe,Iron Man 2,2010-05-07,Paramount Pictures,https://www.boxofficemojo.com/release/rl1515881985/?ref_=bo_fr_table_21
Marvel Cinematic Universe,Captain America: The Winter Soldier,2014-04-04,Walt Disney Studios Motion Pictures,https://www.boxofficemojo.com/release/rl3194193409/?ref_=bo_fr_table_22
Marvel Cinematic Universe,The Fantastic Four: First Steps,2025-07-25,Walt Disney Studios Motion Pictures,https://www.boxofficemojo.com/release/rl2429649665/?ref_=bo_fr_table_23
Marvel Cinematic Universe,Doctor Strange,2016-11-04,Walt Disney Studios Motion Pictures,https://www.boxofficemojo.com/release/rl3076752897/?ref_=bo_fr_table_24
Marvel Cinematic Universe,Shang-Chi and the Legend of the Ten Rings,2021-09-03,Walt Disney Studios Motion Pictures,https://www.boxofficemojo.com/release/rl3490022913/?ref_=bo_fr_table_25
Marvel Cinematic Universe,Ant-Man and the Wasp,2018-07-06,Walt Disney Studios Motion Pictures,https://www.boxofficemojo.com/release/rl2088535553/?ref_=bo_fr_table_26
Marvel Cinematic Universe,Ant-Man and the Wasp: Quantumania,2023-02-17,Walt Disney Studios Motion Pictures,https://www.boxofficemojo.com/release/rl3195306753/?ref_=bo_fr_table_27
Marvel Cinematic Universe,Thor: The Dark World,2013-11-08,Walt Disney Studios Motion Pictures,https://www.boxofficemojo.com/release/rl3111421441/?ref_=bo_fr_table_28
Marvel Cinematic Universe,Captain America: Brave New World,2025-02-14,Walt Disney Studios Motion Pictures,https://www.boxofficemojo.com/release/rl2597421825/?ref_=bo_fr_table_29
Marvel Cinematic Universe,Thunderbolts*,2025-05-02,Walt Disney Studios Motion Pictures,https://www.boxofficemojo.com/release/rl2647753473/?ref_=bo_fr_table_30
Marvel Cinematic Universe,Black Widow,2021-07-09,Walt Disney Studios Motion Pictures,https://www.boxofficemojo.com/release/rl2122089985/?ref_=bo_fr_table_31
Marvel Cinematic Universe,Thor,2011-05-06,Paramount Pictures,https://www.boxofficemojo.com/release/rl3094644225/?ref_=bo_fr_table_32
Marvel Cinematic Universe,Ant-Man,2015-07-17,Walt Disney Studios Motion Pictures,https://www.boxofficemojo.com/release/rl88245761/?ref_=bo_fr_table_33
Marvel Cinematic Universe,Captain America: The First Avenger,2011-07-22,Paramount Pictures,https://www.boxofficemojo.com/release/rl1900578305/?ref_=bo_fr_table_34
Marvel Cinematic Universe,Eternals,2021-11-05,Walt Disney Studios Motion Pictures,https://www.boxofficemojo.com/release/rl2138867201/?ref_=bo_fr_table_35
Marvel Cinematic Universe,The Incredible Hulk,2008-06-13,Universal Pictures,https://www.boxofficemojo.com/release/rl2791015937/?ref_=bo_fr_table_36
Marvel Cinematic Universe,The Marvels,2023-11-10,Walt Disney Studios Motion Pictures,https://www.boxofficemojo.com/release/rl247366145/?ref_=bo_fr_table_37
Marvel Cinematic Universe,Spider-Man: No Way Home,2022-09-02,Sony Pictures Releasing,https://www.boxofficemojo.com/release/rl735478529/?ref_=bo_fr_table_38
Marvel Cinematic Universe,Columbia 100th Anniversary Series,2024-04-15,Sony Pictures Releasing,https://www.boxofficemojo.com/release/rl4217536513/?ref_=bo_fr_table_39
Marvel Cinematic Universe,Columbia 100th Anniversary Series,2024-04-15,Sony Pictures Releasing,https://www.boxofficemojo.com/release/rl4217536513/?ref_=bo_fr_table_40
Marvel Cinematic Universe,Columbia 100th Anniversary Series,2024-04-15,Sony Pictures Releasing,https://www.boxofficemojo.com/release/rl4217536513/?ref_=bo_fr_table_41
Marvel Cinematic Universe,Guardians of the Galaxy,2020-11-13,Walt Disney Studios Motion Pictures,https://www.boxofficemojo.com/release/rl526156545/?ref_=bo_fr_table_42
Marvel Cinematic Universe,Iron Man,2020-07-17,Walt Disney Pictures,https://www.boxofficemojo.com/release/rl71992065/?ref_=bo_fr_table_43
Marvel Cinematic Universe,Black Panther,2020-07-10,Walt Disney Pictures,https://www.boxofficemojo.com/release/rl222659329/?ref_=bo_fr_table_44
Marvel Cinematic Universe,Blade,,Walt Disney Studios Motion Pictures,https://www.boxofficemojo.com/release/rl3584262657/?ref_=bo_fr_table_45
Marvel Cinematic Universe,Avengers: Doomsday,2026-12-18,Walt Disney Studios Motion Pictures,https://www.boxofficemojo.com/release/rl2479981313/?ref_=bo_fr_table_46
Marvel Cinematic Universe,Avengers: Secret Wars,2027-12-17,Walt Disney Studios Motion Pictures,https://www.boxofficemojo.com/release/rl2530312961/?ref_=bo_fr_table_47
Marvel Cinematic Universe,Black Widow,2021-07-09,Walt Disney Studios Motion Pictures,https://www.boxofficemojo.com/release/rl4194665217/?ref_=bo_fr_table_48
Marvel Cinematic Universe,Spider-Man: Brand New Day,2026-07-31,Sony Pictures Releasing,https://www.boxofficemojo.com/release/rl2299756545/?ref_=bo_fr_table_49
Star Wars,Star Wars: Episode VII - The Force Awakens,2015-12-18,Walt Disney Studios Motion Pictures,https://www.boxofficemojo.com/release/rl2691925505/?ref_=bo_fr_table_1
Star Wars,Star Wars: Episode VIII - The Last Jedi,2017-12-15,Walt Disney Studios Motion Pictures,https://www.boxofficemojo.com/release/rl2708702721/?ref_=bo_fr_table_2
Star Wars,Rogue One: A Star Wars Story,2016-12-16,Walt Disney Studios Motion Pictures,https://www.boxofficemojo.com/release/rl2557707777/?ref_=bo_fr_table_3
Star Wars,Star Wars: Episode IX - The Rise of Skywalker,2019-12-20,Walt Disney Studios Motion Pictures,https://www.boxofficemojo.com/release/rl3305145857/?ref_=bo_fr_table_4
Star Wars,Star Wars: Episode I - The Phantom Menace,1999-05-19,Twentieth Century Fox,https://www.boxofficemojo.com/release/rl2742257153/?ref_=bo_fr_table_5
Star Wars,Star Wars: Episode III - Revenge of the Sith,2005-05-19,Twentieth Century Fox,https://www.boxofficemojo.com/release/rl2943583745/?ref_=bo_fr_table_6
Star Wars,Star Wars: Episode IV - A New Hope,1977-05-25,Twentieth Century Fox,https://www.boxofficemojo.com/release/rl2759034369/?ref_=bo_fr_table_7
Star Wars,Star Wars: Episode II - Attack of the Clones,2002-05-16,Twentieth Century Fox,https://www.boxofficemojo.com/release/rl2809366017/?ref_=bo_fr_table_8
Star Wars,Star Wars: Episode VI - Return of the Jedi,1983-05-25,Twentieth Century Fox,https://www.boxofficemojo.com/release/rl2792588801/?ref_=bo_fr_table_9
Star Wars,Solo: A Star Wars Story,2018-05-25,Walt Disney Studios Motion Pictures,https://www.boxofficemojo.com/release/rl1954383361/?ref_=bo_fr_table_10
Star Wars,Star Wars: Episode V - The Empire Strikes Back,1980-05-21,Twentieth Century Fox,https://www.boxofficemojo.com/release/rl2775811585/?ref_=bo_fr_table_11
Star Wars,Star Wars: Episode IV - A New Hope,1997-01-31,Twentieth Century Fox,https://www.boxofficemojo.com/release/rl3379725825/?ref_=bo_fr_table_12
Star Wars,Star Wars: Episode V - The Empire Strikes Back,1997-02-21,Twentieth Century Fox,https://www.boxofficemojo.com/release/rl3396503041/?ref_=bo_fr_table_13
Star Wars,Star Wars: Episode VI - Return of the Jedi,1997-03-14,Twentieth Century Fox,https://www.boxofficemojo.com/release/rl3413280257/?ref_=bo_fr_table_14
Star Wars,Star Wars: Episode I - The Phantom Menace,2012-02-10,Twentieth Century Fox,https://www.boxofficemojo.com/release/rl1349682689/?ref_=bo_fr_table_15
Star Wars,Star Wars: The Clone Wars,2008-08-15,Warner Bros.,https://www.boxofficemojo.com/release/rl508200449/?ref_=bo_fr_table_16
Star Wars,Star Wars: Episode III - Revenge of the Sith,2025-04-25,Walt Disney Studios Motion Pictures,https://www.boxofficemojo.com/release/rl2905833473/?ref_=bo_fr_table_17
Star Wars,Star Wars: Episode IV - A New Hope,1982-08-13,Twentieth Century Fox,https://www.boxofficemojo.com/release/rl2725479937/?ref_=bo_fr_table_18
Star Wars,Star Wars: Episode V - The Empire Strikes Back,1982-11-19,Twentieth Century Fox,https://www.boxofficemojo.com/release/rl2454816257/?ref_=bo_fr_table_19
Star Wars,Star Wars: Episode I - The Phantom Menace,2024-05-03,Walt Disney Studios Motion Pictures,https://www.boxofficemojo.com/release/rl1901887489/?ref_=bo_fr_table_20
Star Wars,Star Wars: Episode VI - Return of the Jedi,1985-03-29,Twentieth Century Fox,https://www.boxofficemojo.com/release/rl4067264001/?ref_=bo_fr_table_21
Star Wars,Star Wars: Episode II - Attack of the Clones,2002-11-01,Twentieth Century Fox,https://www.boxofficemojo.com/release/rl561350145/?ref_=bo_fr_table_22
Star Wars,Star Wars: Episode VI - Return of the Jedi,2023-04-28,N/A,https://www.boxofficemojo.com/release/rl1133413121/?ref_=bo_fr_table_23
Star Wars,Star Wars: Episode V - The Empire Strikes Back,2020-07-10,Walt Disney Studios Motion Pictures,https://www.boxofficemojo.com/release/rl172327681/?ref_=bo_fr_table_24
Star Wars,Rogue One: A Star Wars Story,2022-08-26,Walt Disney Studios Motion Pictures,https://www.boxofficemojo.com/release/rl785810177/?ref_=bo_fr_table_25
Star Wars,Star Wars: Episode IV - A New Hope,2027-04-30,Walt Disney Studios Motion Pictures,https://www.boxofficemojo.com/release/rl1389920257/?ref_=bo_fr_table_26
Star Wars,Untitled Taika Waititi Star Wars Film,2026-05-22,Walt Disney Pictures,https://www.boxofficemojo.com/release/rl336102913/?ref_=bo_fr_table_27
Star Wars,Star Wars: New Jedi Order,2027-12-17,Walt Disney Pictures,https://www.boxofficemojo.com/release/rl352880129/?ref_=bo_fr_table_28
Disney Live Action Reimaginings,The Lion King,2019-07-19,Walt Disney Studios Motion Pictures,https://www.boxofficemojo.com/release/rl3321923073/?ref_=bo_fr_table_1
Disney Live Action Reimaginings,Beauty and the Beast,2017-03-17,Walt Disney Studios Motion Pictures,https://www.boxofficemojo.com/release/rl222594561/?ref_=bo_fr_table_2
Disney Live Action Reimaginings,The Jungle Book,2016-04-15,Walt Disney Studios Motion Pictures,https://www.boxofficemojo.com/release/rl2455602689/?ref_=bo_fr_table_3
Disney Live Action Reimaginings,Aladdin,2019-05-24,Walt Disney Studios Motion Pictures,https://www.boxofficemojo.com/release/rl3246360065/?ref_=bo_fr_table_4
Disney Live Action Reimaginings,Alice in Wonderland,2010-03-05,Walt Disney Studios Motion Pictures,https://www.boxofficemojo.com/release/rl3393226241/?ref_=bo_fr_table_5
Disney Live Action Reimaginings,Maleficent,2014-05-30,Walt Disney Studios Motion Pictures,https://www.boxofficemojo.com/release/rl3915417089/?ref_=bo_fr_table_6
Disney Live Action Reimaginings,Oz the Great and Powerful,2013-03-08,Walt Disney Studios Motion Pictures,https://www.boxofficemojo.com/release/rl1567196673/?ref_=bo_fr_table_7
Disney Live Action Reimaginings,Cinderella,2015-03-13,Walt Disney Studios Motion Pictures,https://www.boxofficemojo.com/release/rl4165699073/?ref_=bo_fr_table_8
Disney Live Action Reimaginings,101 Dalmatians,1996-11-27,Walt Disney Studios Motion Pictures,https://www.boxofficemojo.com/release/rl893486593/?ref_=bo_fr_table_9
Disney Live Action Reimaginings,Dumbo,2019-03-29,Walt Disney Studios Motion Pictures,https://www.boxofficemojo.com/release/rl2675869185/?ref_=bo_fr_table_10
Disney Live Action Reimaginings,Maleficent: Mistress of Evil,2019-10-18,Walt Disney Studios Motion Pictures,https://www.boxofficemojo.com/release/rl939755009/?ref_=bo_fr_table_11
Disney Live Action Reimaginings,Cruella,2021-05-28,Walt Disney Studios Motion Pictures,https://www.boxofficemojo.com/release/rl3708126721/?ref_=bo_fr_table_12
Disney Live Action Reimaginings,Alice Through the Looking Glass,2016-05-27,Walt Disney Studios Motion Pictures,https://www.boxofficemojo.com/release/rl3577775617/?ref_=bo_fr_table_13
Disney Live Action Reimaginings,Pete's Dragon,2016-08-12,Walt Disney Studios Motion Pictures,https://www.boxofficemojo.com/release/rl1500022273/?ref_=bo_fr_table_14
Disney Live Action Reimaginings,102 Dalmatians,2000-11-22,Walt Disney Studios Motion Pictures,https://www.boxofficemojo.com/release/rl927041025/?ref_=bo_fr_table_15
Disney Live Action Reimaginings,The Jungle Book,1994-12-25,Walt Disney Studios Motion Pictures,https://www.boxofficemojo.com/release/rl2489157121/?ref_=bo_fr_table_16
Disney Live Action Reimaginings,Beauty and the Beast,2020-07-17,Walt Disney Pictures,https://www.boxofficemojo.com/release/rl21660417/?ref_=bo_fr_table_17
Disney Live Action Reimaginings,Mulan,,Walt Disney Studios Motion Pictures,https://www.boxofficemojo.com/release/rl4266624513/?ref_=bo_fr_table_18
Mission: Impossible,Mission: Impossible - Fallout,2018-07-27,Paramount Pictures,https://www.boxofficemojo.com/release/rl2449573377/?ref_=bo_fr_table_1
Mission: Impossible,Mission: Impossible II,2000-05-24,Paramount Pictures,https://www.boxofficemojo.com/release/rl1600292353/?ref_=bo_fr_table_2
Mission: Impossible,Mission: Impossible - Ghost Protocol,2011-12-16,Paramount Pictures,https://www.boxofficemojo.com/release/rl1365411329/?ref_=bo_fr_table_3
Mission: Impossible,Mission: Impossible - The Final Reckoning,2025-05-23,Paramount Pictures International,https://www.boxofficemojo.com/release/rl1913226753/?ref_=bo_fr_table_4
Mission: Impossible,Mission: Impossible - Rogue Nation,2015-07-31,Paramount Pictures,https://www.boxofficemojo.com/release/rl1382188545/?ref_=bo_fr_table_5
Mission: Impossible,Mission: Impossible,1996-05-22,Paramount Pictures,https://www.boxofficemojo.com/release/rl3680667137/?ref_=bo_fr_table_6
Mission: Impossible,Mission: Impossible - Dead Reckoning Part One,2023-07-12,Paramount Pictures,https://www.boxofficemojo.com/release/rl1896449537/?ref_=bo_fr_table_7
Mission: Impossible,Mission: Impossible III,2006-05-05,Paramount Pictures,https://www.boxofficemojo.com/release/rl1348634113/?ref_=bo_fr_table_8
Mission: Impossible,Mission: Impossible,2021-05-16,Fathom Events,https://www.boxofficemojo.com/release/rl2590802689/?ref_=bo_fr_table_9
The Hunger Games,The Hunger Games: Catching Fire,2013-11-22,Lionsgate,https://www.boxofficemojo.com/release/rl2638775809/?ref_=bo_fr_table_1
The Hunger Games,The Hunger Games,2012-03-23,Lionsgate,https://www.boxofficemojo.com/release/rl4049110529/?ref_=bo_fr_table_2
The Hunger Games,The Hunger Games: Mockingjay - Part 1,2014-11-21,Lionsgate,https://www.boxofficemojo.com/release/rl4283991553/?ref_=bo_fr_table_3
The Hunger Games,The Hunger Games: Mockingjay - Part 2,2015-11-20,Lionsgate,https://www.boxofficemojo.com/release/rl4032333313/?ref_=bo_fr_table_4
The Hunger Games,The Hunger Games: The Ballad of Songbirds & Snakes,2023-11-17,Lionsgate,https://www.boxofficemojo.com/release/rl1262387969/?ref_=bo_fr_table_5
The Hunger Games,The Hunger Games,2023-10-15,Fathom Events,https://www.boxofficemojo.com/release/rl849969921/?ref_=bo_fr_table_6
Transformers,Transformers: Revenge of the Fallen,2009-06-24,DreamWorks,https://www.boxofficemojo.com/release/rl3027731969/?ref_=bo_fr_table_1
Transformers,Transformers: Dark of the Moon,2011-06-29,DreamWorks,https://www.boxofficemojo.com/release/rl2977400321/?ref_=bo_fr_table_2
Transformers,Transformers,2007-07-03,DreamWorks,https://www.boxofficemojo.com/release/rl3010954753/?ref_=bo_fr_table_3
Transformers,Transformers: Age of Extinction,2014-06-27,Paramount Pictures,https://www.boxofficemojo.com/release/rl2960623105/?ref_=bo_fr_table_4
Transformers,Transformers: The Last Knight,2017-06-21,Paramount Pictures,https://www.boxofficemojo.com/release/rl3313272321/?ref_=bo_fr_table_5
Transformers,Bumblebee,2018-12-21,Paramount Pictures,https://www.boxofficemojo.com/release/rl2139063809/?ref_=bo_fr_table_6
Transformers,The Transformers: The Movie,1986-08-08,De Laurentiis Entertainment Group (DEG),https://www.boxofficemojo.com/release/rl3212281345/?ref_=bo_fr_table_7
Pirates of the Caribbean,Pirates of the Caribbean: Dead Man's Chest,2006-07-07,Walt Disney Studios Motion Pictures,https://www.boxofficemojo.com/release/rl4083713537/?ref_=bo_fr_table_1
Pirates of the Caribbean,Pirates of the Caribbean: At World's End,2007-05-25,Walt Disney Studios Motion Pictures,https://www.boxofficemojo.com/release/rl4100490753/?ref_=bo_fr_table_2
Pirates of the Caribbean,Pirates of the Caribbean: The Curse of the Black Pearl,2003-07-09,Walt Disney Studios Motion Pictures,https://www.boxofficemojo.com/release/rl4134045185/?ref_=bo_fr_table_3
Pirates of the Caribbean,Pirates of the Caribbean: On Stranger Tides,2011-05-20,Walt Disney Studios Motion Pictures,https://www.boxofficemojo.com/release/rl4117267969/?ref_=bo_fr_table_4
Pirates of the Caribbean,Pirates of the Caribbean: Dead Men Tell No Tales,2017-05-26,Walt Disney Studios Motion Pictures,https://www.boxofficemojo.com/release/rl1382778369/?ref_=bo_fr_table_5
Star Trek,Star Trek,2009-05-08,Paramount Pictures,https://www.boxofficemojo.com/release/rl2876474881/?ref_=bo_fr_table_1
Star Trek,Star Trek Into Darkness,2013-05-16,Paramount Pictures,https://www.boxofficemojo.com/release/rl2893252097/?ref_=bo_fr_table_2
Star Trek,Star Trek Beyond,2016-07-22,Paramount Pictures,https://www.boxofficemojo.com/release/rl2960360961/?ref_=bo_fr_table_3
Star Trek,Star Trek IV: The Voyage Home,1986-11-26,Paramount Pictures,https://www.boxofficemojo.com/release/rl3027469825/?ref_=bo_fr_table_4
Star Trek,Star Trek: First Contact,1996-11-22,Paramount Pictures,https://www.boxofficemojo.com/release/rl2826143233/?ref_=bo_fr_table_5
Star Trek,Star Trek: The Motion Picture,1979-12-07,Paramount Pictures,https://www.boxofficemojo.com/release/rl2977138177/?ref_=bo_fr_table_6
Star Trek,Star Trek II: The Wrath of Khan,1982-06-04,Paramount Pictures,https://www.boxofficemojo.com/release/rl2993915393/?ref_=bo_fr_table_7
Star Trek,Star Trek III: The Search for Spock,1984-06-01,Paramount Pictures,https://www.boxofficemojo.com/release/rl3010692609/?ref_=bo_fr_table_8
Star Trek,Star Trek: Generations,1994-11-18,Paramount Pictures,https://www.boxofficemojo.com/release/rl3077801473/?ref_=bo_fr_table_9
Star Trek,Star Trek VI: The Undiscovered Country,1991-12-06,Paramount Pictures,https://www.boxofficemojo.com/release/rl3061024257/?ref_=bo_fr_table_10
Star Trek,Star Trek: Insurrection,1998-12-11,Paramount Pictures,https://www.boxofficemojo.com/release/rl2842920449/?ref_=bo_fr_table_11
Star Trek,Star Trek V: The Final Frontier,1989-06-09,Paramount Pictures,https://www.boxofficemojo.com/release/rl3044247041/?ref_=bo_fr_table_12
Star Trek,Star Trek: Nemesis,2002-12-13,Paramount Pictures,https://www.boxofficemojo.com/release/rl2859697665/?ref_=bo_fr_table_13
Star Trek,Star Trek II: The Wrath of Khan,2022-09-04,Fathom Events,https://www.boxofficemojo.com/release/rl1624998657/?ref_=bo_fr_table_14
Star Trek,Star Trek: The Motion Picture,2019-09-15,Fathom Events,https://www.boxofficemojo.com/release/rl3691546113/?ref_=bo_fr_table_15
The Fast and the Furious,Furious 7,2015-04-03,Universal Pictures,https://www.boxofficemojo.com/release/rl1045661185/?ref_=bo_fr_table_1
The Fast and the Furious,Fast & Furious 6,2013-05-24,Universal Pictures,https://www.boxofficemojo.com/release/rl1028883969/?ref_=bo_fr_table_2
The Fast and the Furious,The Fate of the Furious,2017-04-14,Universal Pictures,https://www.boxofficemojo.com/release/rl1767212545/?ref_=bo_fr_table_3
The Fast and the Furious,Fast Five,2011-04-29,Universal Pictures,https://www.boxofficemojo.com/release/rl877889025/?ref_=bo_fr_table_4
The Fast and the Furious,Fast & Furious Presents: Hobbs & Shaw,2019-08-02,Universal Pictures,https://www.boxofficemojo.com/release/rl2919400961/?ref_=bo_fr_table_5
The Fast and the Furious,F9: The Fast Saga,2021-06-25,Universal Pictures,https://www.boxofficemojo.com/release/rl192906753/?ref_=bo_fr_table_6
The Fast and the Furious,Fast & Furious,2009-04-03,Universal Pictures,https://www.boxofficemojo.com/release/rl693339649/?ref_=bo_fr_table_7
The Fast and the Furious,Fast X,2023-05-19,Universal Pictures,https://www.boxofficemojo.com/release/rl209683969/?ref_=bo_fr_table_8
The Fast and the Furious,The Fast and the Furious,2001-06-22,Universal Pictures,https://www.boxofficemojo.com/release/rl928220673/?ref_=bo_fr_table_9
The Fast and the Furious,2 Fast 2 Furious,2003-06-06,Universal Pictures,https://www.boxofficemojo.com/release/rl1178699265/?ref_=bo_fr_table_10
The Fast and the Furious,The Fast and the Furious: Tokyo Drift,2006-06-16,Universal Pictures,https://www.boxofficemojo.com/release/rl676562433/?ref_=bo_fr_table_11
The Fast and the Furious,The Fast and the Furious,,Universal Pictures International (UPI),https://www.boxofficemojo.com/release/rl1966113537/?ref_=bo_fr_table_12
Jurassic Park,Jurassic World,2015-06-12,Universal Pictures,https://www.boxofficemojo.com/release/rl2371716609/?ref_=bo_fr_table_1
Jurassic Park,Jurassic World: Fallen Kingdom,2018-06-22,Universal Pictures,https://www.boxofficemojo.com/release/rl1602061825/?ref_=bo_fr_table_2
Jurassic Park,Jurassic World: Dominion,2022-06-10,Universal Pictures,https://www.boxofficemojo.com/release/rl4043671041/?ref_=bo_fr_table_3
Jurassic Park,Jurassic Park,1993-06-11,Universal Pictures,https://www.boxofficemojo.com/release/rl2354939393/?ref_=bo_fr_table_4
Jurassic Park,The Lost World: Jurassic Park,1997-05-23,Universal Pictures,https://www.boxofficemojo.com/release/rl2405271041/?ref_=bo_fr_table_5
Jurassic Park,Jurassic Park III,2001-07-18,Universal Pictures,https://www.boxofficemojo.com/release/rl3210577409/?ref_=bo_fr_table_6
Jurassic Park,Jurassic Park,2013-04-05,Universal Pictures,https://www.boxofficemojo.com/release/rl2338162177/?ref_=bo_fr_table_7
Jurassic Park,Jurassic Park,2023-08-25,Universal Pictures,https://www.boxofficemojo.com/release/rl94995201/?ref_=bo_fr_table_8
Jurassic Park,Jurassic Park,2020-06-19,Universal Pictures,https://www.boxofficemojo.com/release/rl54887169/?ref_=bo_fr_table_9
Jurassic Park,Jurassic World,,Universal Pictures,https://www.boxofficemojo.com/release/rl2925953793/?ref_=bo_fr_table_10
Jurassic Park,Jurassic Park,2018-09-16,Fathom Events,https://www.boxofficemojo.com/release/rl3573974529/?ref_=bo_fr_table_11
DC Extended Universe,Wonder Woman,2017-06-02,Warner Bros.,https://www.boxofficemojo.com/release/rl578455041/?ref_=bo_fr_table_1
DC Extended Universe,Aquaman,2018-12-21,Warner Bros.,https://www.boxofficemojo.com/release/rl3108800001/?ref_=bo_fr_table_2
DC Extended Universe,Batman v Superman: Dawn of Justice,2016-03-25,Warner Bros.,https://www.boxofficemojo.com/release/rl2238875137/?ref_=bo_fr_table_3
DC Extended Universe,Suicide Squad,2016-08-05,Warner Bros.,https://www.boxofficemojo.com/release/rl1145865729/?ref_=bo_fr_table_4
DC Extended Universe,Man of Steel,2013-06-14,Warner Bros.,https://www.boxofficemojo.com/release/rl4034037249/?ref_=bo_fr_table_5
DC Extended Universe,Justice League,2017-11-17,Warner Bros.,https://www.boxofficemojo.com/release/rl1129088513/?ref_=bo_fr_table_6
DC Extended Universe,Black Adam,2022-10-21,Warner Bros.,https://www.boxofficemojo.com/release/rl2728624641/?ref_=bo_fr_table_7
DC Extended Universe,Shazam!,2019-04-05,Warner Bros.,https://www.boxofficemojo.com/release/rl1196197377/?ref_=bo_fr_table_8
DC Extended Universe,Aquaman and the Lost Kingdom,2023-12-22,Warner Bros.,https://www.boxofficemojo.com/release/rl3003745793/?ref_=bo_fr_table_9
DC Extended Universe,The Flash,2023-06-16,Warner Bros.,https://www.boxofficemojo.com/release/rl2225635841/?ref_=bo_fr_table_10
DC Extended Universe,Birds of Prey and the Fantabulous Emancipation of One Harley Quinn,2020-02-07,Warner Bros.,https://www.boxofficemojo.com/release/rl3640886785/?ref_=bo_fr_table_11
DC Extended Universe,Blue Beetle,2023-08-18,Warner Bros.,https://www.boxofficemojo.com/release/rl3693445889/?ref_=bo_fr_table_12
DC Extended Universe,Shazam! Fury of the Gods,2023-03-17,Warner Bros.,https://www.boxofficemojo.com/release/rl162234881/?ref_=bo_fr_table_13
DC Extended Universe,The Suicide Squad,2021-08-06,Warner Bros.,https://www.boxofficemojo.com/release/rl84510209/?ref_=bo_fr_table_14
DC Extended Universe,Wonder Woman 1984,2020-12-25,Warner Bros.,https://www.boxofficemojo.com/release/rl3624109569/?ref_=bo_fr_table_15
DC Extended Universe,Wonder Woman,2020-12-11,Warner Bros.,https://www.boxofficemojo.com/release/rl2959246081/?ref_=bo_fr_table_16
DC Extended Universe,Shazam!,,Warner Bros.,https://www.boxofficemojo.com/release/rl3291513601/?ref_=bo_fr_table_17
DC Extended Universe,Aquaman,,Warner Bros.,https://www.boxofficemojo.com/release/rl1496548097/?ref_=bo_fr_table_18
DC Extended Universe,Wonder Woman,,Warner Bros.,https://www.boxofficemojo.com/release/rl1580434177/?ref_=bo_fr_table_19
DC Extended Universe,Birds of Prey and the Fantabulous Emancipation of One Harley Quinn,,Warner Bros.,https://www.boxofficemojo.com/release/rl2150662913/?ref_=bo_fr_table_20
Batman,The Dark Knight,2008-07-18,Warner Bros.,https://www.boxofficemojo.com/release/rl3729098241/?ref_=bo_fr_table_1
Batman,The Dark Knight Rises,2012-07-20,Warner Bros.,https://www.boxofficemojo.com/release/rl3745875457/?ref_=bo_fr_table_2
Batman,The Batman,2022-03-04,Warner Bros.,https://www.boxofficemojo.com/release/rl67732993/?ref_=bo_fr_table_3
Batman,Batman v Superman: Dawn of Justice,2016-03-25,Warner Bros.,https://www.boxofficemojo.com/release/rl2238875137/?ref_=bo_fr_table_4
Batman,Batman,1989-06-23,Warner Bros.,https://www.boxofficemojo.com/release/rl3695543809/?ref_=bo_fr_table_5
Batman,Batman Begins,2005-06-15,Warner Bros.,https://www.boxofficemojo.com/release/rl3510994433/?ref_=bo_fr_table_6
Batman,Batman Forever,1995-06-16,Warner Bros.,https://www.boxofficemojo.com/release/rl3494217217/?ref_=bo_fr_table_7
Batman,The Lego Batman Movie,2017-02-10,Warner Bros.,https://www.boxofficemojo.com/release/rl660506113/?ref_=bo_fr_table_8
Batman,Batman Returns,1992-06-19,Warner Bros.,https://www.boxofficemojo.com/release/rl3544548865/?ref_=bo_fr_table_9
Batman,Batman & Robin,1997-06-20,Warner Bros.,https://www.boxofficemojo.com/release/rl3561326081/?ref_=bo_fr_table_10
Batman,Batman: Mask of the Phantasm,1993-12-25,Warner Bros.,https://www.boxofficemojo.com/release/rl3527771649/?ref_=bo_fr_table_11
Batman,Batman: The Killing Joke,2016-07-25,Fathom Events,https://www.boxofficemojo.com/release/rl3900605953/?ref_=bo_fr_table_12
Batman,The Dark Knight,2012-07-19,Warner Bros.,https://www.boxofficemojo.com/release/rl223118849/?ref_=bo_fr_table_13
Batman,Batman Begins,2012-07-19,Warner Bros.,https://www.boxofficemojo.com/release/rl3712321025/?ref_=bo_fr_table_14
Batman,The Lego Batman Movie,,Warner Bros.,https://www.boxofficemojo.com/release/rl3224404737/?ref_=bo_fr_table_15
Batman,Batman,2019-05-04,Fathom Events,https://www.boxofficemojo.com/release/rl252216833/?ref_=bo_fr_table_16
Batman,The Dark Knight,,Warner Bros.,https://www.boxofficemojo.com/release/rl708018945/?ref_=bo_fr_table_17
Batman,Batman Returns,2019-05-06,Fathom Events,https://www.boxofficemojo.com/release/rl0558593/?ref_=bo_fr_table_18
Batman,Batman,,Warner Bros.,https://www.boxofficemojo.com/release/rl1446216449/?ref_=bo_fr_table_19
Batman,Batman Forever,2019-05-12,Fathom Events,https://www.boxofficemojo.com/release/rl1829275137/?ref_=bo_fr_table_20
Batman,Batman & Robin,2019-05-14,Fathom Events,https://www.boxofficemojo.com/release/rl1846052353/?ref_=bo_fr_table_21
Batman,Batman Returns,,Warner Bros.,https://www.boxofficemojo.com/release/rl2670756609/?ref_=bo_fr_table_22
Batman,Batman: Mask of the Phantasm,2018-11-12,Fathom Events,https://www.boxofficemojo.com/release/rl17204737/?ref_=bo_fr_table_23
Batman,Batman Begins,,Warner Bros.,https://www.boxofficemojo.com/release/rl4163928833/?ref_=bo_fr_table_24
Batman,The Dark Knight Rises,,Warner Bros.,https://www.boxofficemojo.com/release/rl4214260481/?ref_=bo_fr_table_25
Spider-Man,Spider-Man: No Way Home,2021-12-17,Sony Pictures Releasing,https://www.boxofficemojo.com/release/rl2869659137/?ref_=bo_fr_table_1
Spider-Man,Spider-Man,2002-05-03,Sony Pictures Releasing,https://www.boxofficemojo.com/release/rl678659585/?ref_=bo_fr_table_2
Spider-Man,Spider-Man: Far from Home,2019-07-02,Sony Pictures Releasing,https://www.boxofficemojo.com/release/rl3791750657/?ref_=bo_fr_table_3
Spider-Man,Spider-Man 2,2004-06-30,Sony Pictures Releasing,https://www.boxofficemojo.com/release/rl896763393/?ref_=bo_fr_table_4
Spider-Man,Spider-Man 3,2007-05-04,Sony Pictures Releasing,https://www.boxofficemojo.com/release/rl913540609/?ref_=bo_fr_table_5
Spider-Man,Spider-Man: Homecoming,2017-07-07,Sony Pictures Releasing,https://www.boxofficemojo.com/release/rl863208961/?ref_=bo_fr_table_6
Spider-Man,The Amazing Spider-Man,2012-07-03,Sony Pictures Releasing,https://www.boxofficemojo.com/release/rl930317825/?ref_=bo_fr_table_7
Spider-Man,The Amazing Spider-Man 2,2014-05-02,Sony Pictures Releasing,https://www.boxofficemojo.com/release/rl846431745/?ref_=bo_fr_table_8
Spider-Man,Spider-Man: Into the Spider-Verse,2018-12-14,Sony Pictures Releasing,https://www.boxofficemojo.com/release/rl879986177/?ref_=bo_fr_table_9
Spider-Man,Spider-Man: No Way Home,2022-09-02,Sony Pictures Releasing,https://www.boxofficemojo.com/release/rl735478529/?ref_=bo_fr_table_10
Spider-Man,Spider-Man/Men in Black II,2002-09-06,Sony Pictures Releasing,https://www.boxofficemojo.com/release/rl695436801/?ref_=bo_fr_table_11
Spider-Man,Columbia 100th Anniversary Series,2024-04-15,Sony Pictures Releasing,https://www.boxofficemojo.com/release/rl4217536513/?ref_=bo_fr_table_12
Spider-Man,Columbia 100th Anniversary Series,2024-04-15,Sony Pictures Releasing,https://www.boxofficemojo.com/release/rl4217536513/?ref_=bo_fr_table_13
Spider-Man,Columbia 100th Anniversary Series,2024-04-15,Sony Pictures Releasing,https://www.boxofficemojo.com/release/rl4217536513/?ref_=bo_fr_table_14
Spider-Man,Columbia 100th Anniversary Series,2024-04-15,Sony Pictures Releasing,https://www.boxofficemojo.com/release/rl4217536513/?ref_=bo_fr_table_15
Spider-Man,Columbia 100th Anniversary Series,2024-04-15,Sony Pictures Releasing,https://www.boxofficemojo.com/release/rl4217536513/?ref_=bo_fr_table_16
Spider-Man,Columbia 100th Anniversary Series,2024-04-15,Sony Pictures Releasing,https://www.boxofficemojo.com/release/rl4217536513/?ref_=bo_fr_table_17
Spider-Man,Columbia 100th Anniversary Series,2024-04-15,Sony Pictures Releasing,https://www.boxofficemojo.com/release/rl4217536513/?ref_=bo_fr_table_18
Spider-Man,Columbia 100th Anniversary Series,2024-04-15,Sony Pictures Releasing,https://www.boxofficemojo.com/release/rl4217536513/?ref_=bo_fr_table_19
Spider-Man,Spider-Man 3,2025-09-28,Fathom Events,https://www.boxofficemojo.com/release/rl2328920065/?ref_=bo_fr_table_20
Spider-Man,Spider-Man/Spider-Man 2/Spider-Man 3,2025-09-26,N/A,https://www.boxofficemojo.com/release/rl2547023873/?ref_=bo_fr_table_21
Spider-Man,Spider-Man/Spider-Man 2/Spider-Man 3,2025-09-26,N/A,https://www.boxofficemojo.com/release/rl2547023873/?ref_=bo_fr_table_22
Spider-Man,Spider-Man/Spider-Man 2/Spider-Man 3,2025-09-26,N/A,https://www.boxofficemojo.com/release/rl2547023873/?ref_=bo_fr_table_23
X-Men,Deadpool,2016-02-12,Twentieth Century Fox,https://www.boxofficemojo.com/release/rl2588706305/?ref_=bo_fr_table_1
X-Men,Deadpool 2,2018-05-18,Twentieth Century Fox,https://www.boxofficemojo.com/release/rl2488436225/?ref_=bo_fr_table_2
X-Men,X-Men: The Last Stand,2006-05-26,Twentieth Century Fox,https://www.boxofficemojo.com/release/rl1484424705/?ref_=bo_fr_table_3
X-Men,X-Men: Days of Future Past,2014-05-23,Twentieth Century Fox,https://www.boxofficemojo.com/release/rl1400538625/?ref_=bo_fr_table_4
X-Men,Logan,2017-03-03,Twentieth Century Fox,https://www.boxofficemojo.com/release/rl3229320705/?ref_=bo_fr_table_5
X-Men,X2: X-Men United,2003-05-02,Twentieth Century Fox,https://www.boxofficemojo.com/release/rl1736082945/?ref_=bo_fr_table_6
X-Men,X-Men Origins: Wolverine,2009-05-01,Twentieth Century Fox,https://www.boxofficemojo.com/release/rl3262875137/?ref_=bo_fr_table_7
X-Men,X-Men,2000-07-14,Twentieth Century Fox,https://www.boxofficemojo.com/release/rl1383761409/?ref_=bo_fr_table_8
X-Men,X-Men: Apocalypse,2016-05-27,Twentieth Century Fox,https://www.boxofficemojo.com/release/rl1417315841/?ref_=bo_fr_table_9
X-Men,X-Men: First Class,2011-06-03,Twentieth Century Fox,https://www.boxofficemojo.com/release/rl1434093057/?ref_=bo_fr_table_10
X-Men,The Wolverine,2013-07-26,Twentieth Century Fox,https://www.boxofficemojo.com/release/rl3246097921/?ref_=bo_fr_table_11
X-Men,X-Men: Dark Phoenix,2019-06-07,Twentieth Century Fox,https://www.boxofficemojo.com/release/rl4211181057/?ref_=bo_fr_table_12
X-Men,The New Mutants,2020-08-28,20th Century Studios,https://www.boxofficemojo.com/release/rl1098876417/?ref_=bo_fr_table_13
X-Men,Once Upon a Deadpool,2018-12-12,Twentieth Century Fox,https://www.boxofficemojo.com/release/rl4110910977/?ref_=bo_fr_table_14
Superman,Batman v Superman: Dawn of Justice,2016-03-25,Warner Bros.,https://www.boxofficemojo.com/release/rl2238875137/?ref_=bo_fr_table_1
Superman,Man of Steel,2013-06-14,Warner Bros.,https://www.boxofficemojo.com/release/rl4034037249/?ref_=bo_fr_table_2
Superman,Superman Returns,2006-06-28,Warner Bros.,https://www.boxofficemojo.com/release/rl4067591681/?ref_=bo_fr_table_3
Superman,Superman,1978-12-15,Warner Bros.,https://www.boxofficemojo.com/release/rl4050814465/?ref_=bo_fr_table_4
Superman,Superman II,1981-06-19,Warner Bros.,https://www.boxofficemojo.com/release/rl4084368897/?ref_=bo_fr_table_5
Superman,Superman III,1983-06-17,Warner Bros.,https://www.boxofficemojo.com/release/rl4285695489/?ref_=bo_fr_table_6
Superman,Superman IV: The Quest for Peace,1987-07-24,Warner Bros.,https://www.boxofficemojo.com/release/rl4101146113/?ref_=bo_fr_table_7
Superman,Superman,2018-11-25,Fathom Events,https://www.boxofficemojo.com/release/rl1845921281/?ref_=bo_fr_table_8
Superman,Superman,,Warner Bros.,https://www.boxofficemojo.com/release/rl2553316097/?ref_=bo_fr_table_9
Bourne,The Bourne Ultimatum,2007-08-03,Universal Pictures,https://www.boxofficemojo.com/release/rl2504427009/?ref_=bo_fr_table_1
Bourne,The Bourne Supremacy,2004-07-23,Universal Pictures,https://www.boxofficemojo.com/release/rl2487649793/?ref_=bo_fr_table_2
Bourne,Jason Bourne,2016-07-29,Universal Pictures,https://www.boxofficemojo.com/release/rl2537981441/?ref_=bo_fr_table_3
Bourne,The Bourne Identity,2002-06-14,Universal Pictures,https://www.boxofficemojo.com/release/rl2286323201/?ref_=bo_fr_table_4
Bourne,The Bourne Legacy,2012-08-10,Universal Pictures,https://www.boxofficemojo.com/release/rl2521204225/?ref_=bo_fr_table_5
Kung Fu Panda,Kung Fu Panda,2008-06-06,DreamWorks,https://www.boxofficemojo.com/release/rl3562833409/?ref_=bo_fr_table_1
Kung Fu Panda,Kung Fu Panda 4,2024-03-08,Universal Pictures,https://www.boxofficemojo.com/release/rl601195265/?ref_=bo_fr_table_2
Kung Fu Panda,Kung Fu Panda 2,2011-05-26,DreamWorks,https://www.boxofficemojo.com/release/rl3579610625/?ref_=bo_fr_table_3
Kung Fu Panda,Kung Fu Panda 3,2016-01-29,Twentieth Century Fox,https://www.boxofficemojo.com/release/rl3546056193/?ref_=bo_fr_table_4
Kung Fu Panda,Kung Fu Panda,,Universal Pictures International (UPI),https://www.boxofficemojo.com/release/rl1899004673/?ref_=bo_fr_table_5
Sonic the Hedgehog,Sonic the Hedgehog 3,2024-12-20,Paramount Pictures,https://www.boxofficemojo.com/release/rl886211329/?ref_=bo_fr_table_1
Sonic the Hedgehog,Sonic the Hedgehog 2,2022-04-08,Paramount Pictures,https://www.boxofficemojo.com/release/rl1363641089/?ref_=bo_fr_table_2
Sonic the Hedgehog,Sonic the Hedgehog,2020-02-14,Paramount Pictures,https://www.boxofficemojo.com/release/rl4244997633/?ref_=bo_fr_table_3
John Wick,John Wick: Chapter 4,2023-03-24,Lionsgate,https://www.boxofficemojo.com/release/rl1644725761/?ref_=bo_fr_table_1
John Wick,John Wick: Chapter 3 - Parabellum,2019-05-17,Lionsgate,https://www.boxofficemojo.com/release/rl1476560385/?ref_=bo_fr_table_2
John Wick,John Wick: Chapter 2,2017-02-10,Lionsgate,https://www.boxofficemojo.com/release/rl1702856193/?ref_=bo_fr_table_3
John Wick,John Wick,2014-10-24,Lionsgate,https://www.boxofficemojo.com/release/rl1482524161/?ref_=bo_fr_table_4
John Wick,John Wick,2024-11-03,Fathom Events,https://www.boxofficemojo.com/release/rl2852487169/?ref_=bo_fr_table_5
The Matrix,The Matrix Reloaded,2003-05-15,Warner Bros.,https://www.boxofficemojo.com/release/rl4167271937/?ref_=bo_fr_table_1
The Matrix,The Matrix,1999-03-31,Warner Bros.,https://www.boxofficemojo.com/release/rl2271446529/?ref_=bo_fr_table_2
The Matrix,The Matrix Revolutions,2003-11-05,Warner Bros.,https://www.boxofficemojo.com/release/rl4234380801/?ref_=bo_fr_table_3
The Matrix,The Matrix Resurrections,2021-12-22,Warner Bros.,https://www.boxofficemojo.com/release/rl2175304193/?ref_=bo_fr_table_4
The Matrix,The Matrix,2021-12-06,Warner Bros.,https://www.boxofficemojo.com/release/rl3442180865/?ref_=bo_fr_table_5
The Matrix,The Matrix,2024-09-19,Fathom Events,https://www.boxofficemojo.com/release/rl4084629505/?ref_=bo_fr_table_6
The Matrix,The Matrix Reloaded,2003-06-06,Warner Bros.,https://www.boxofficemojo.com/release/rl4184049153/?ref_=bo_fr_table_7
Alien,Prometheus,2012-06-08,Twentieth Century Fox,https://www.boxofficemojo.com/release/rl1063945729/?ref_=bo_fr_table_1
Alien,Alien: Romulus,2024-08-16,Walt Disney Studios Motion Pictures,https://www.boxofficemojo.com/release/rl654017281/?ref_=bo_fr_table_2
Alien,Aliens,1986-07-18,Twentieth Century Fox,https://www.boxofficemojo.com/release/rl3309340161/?ref_=bo_fr_table_3
Alien,Alien vs. Predator,2004-08-13,Twentieth Century Fox,https://www.boxofficemojo.com/release/rl776308225/?ref_=bo_fr_table_4
Alien,Alien,1979-05-25,Twentieth Century Fox,https://www.boxofficemojo.com/release/rl3443557889/?ref_=bo_fr_table_5
Alien,Alien: Covenant,2017-05-19,Twentieth Century Fox,https://www.boxofficemojo.com/release/rl696026625/?ref_=bo_fr_table_6
Alien,Alien³,1992-05-22,Twentieth Century Fox,https://www.boxofficemojo.com/release/rl3477112321/?ref_=bo_fr_table_7
Alien,Alien: Resurrection,1997-11-26,Twentieth Century Fox,https://www.boxofficemojo.com/release/rl3292562945/?ref_=bo_fr_table_8
Alien,Aliens vs. Predator: Requiem,2007-12-25,Twentieth Century Fox,https://www.boxofficemojo.com/release/rl793085441/?ref_=bo_fr_table_9
Alien,Alien,2024-04-26,Walt Disney Studios Motion Pictures,https://www.boxofficemojo.com/release/rl3362095105/?ref_=bo_fr_table_10
Alien,Alien,2003-10-29,Twentieth Century Fox,https://www.boxofficemojo.com/release/rl3460335105/?ref_=bo_fr_table_11
Alien,Alien,2019-10-13,Fathom Events,https://www.boxofficemojo.com/release/rl4161504769/?ref_=bo_fr_table_12
Alien,Alien,2021-01-01,Walt Disney Studios Motion Pictures,https://www.boxofficemojo.com/release/rl1952940801/?ref_=bo_fr_table_13
Teenage Mutant Ninja Turtles,Teenage Mutant Ninja Turtles,2014-08-08,Paramount Pictures,https://www.boxofficemojo.com/release/rl3514074625/?ref_=bo_fr_table_1
Teenage Mutant Ninja Turtles,Teenage Mutant Ninja Turtles,1990-03-30,New Line Cinema,https://www.boxofficemojo.com/release/rl4235560449/?ref_=bo_fr_table_2
Teenage Mutant Ninja Turtles,Teenage Mutant Ninja Turtles: Mutant Mayhem,2023-08-02,Paramount Pictures,https://www.boxofficemojo.com/release/rl393904897/?ref_=bo_fr_table_3
Teenage Mutant Ninja Turtles,Teenage Mutant Ninja Turtles: Out of the Shadows,2016-06-03,Paramount Pictures,https://www.boxofficemojo.com/release/rl3530851841/?ref_=bo_fr_table_4
Teenage Mutant Ninja Turtles,Teenage Mutant Ninja Turtles II: The Secret of the Ooze,1991-03-22,New Line Cinema,https://www.boxofficemojo.com/release/rl3497297409/?ref_=bo_fr_table_5
Teenage Mutant Ninja Turtles,TMNT,2007-03-23,Warner Bros.,https://www.boxofficemojo.com/release/rl3564406273/?ref_=bo_fr_table_6
Teenage Mutant Ninja Turtles,Teenage Mutant Ninja Turtles III,1993-03-19,New Line Cinema,https://www.boxofficemojo.com/release/rl3547629057/?ref_=bo_fr_table_7
Teenage Mutant Ninja Turtles,Teenage Mutant Ninja Turtles,,Warner Bros.,https://www.boxofficemojo.com/release/rl3274736385/?ref_=bo_fr_table_8
Teenage Mutant Ninja Turtles,Teenage Mutant Ninja Turtles,2025-08-17,Fathom Events,https://www.boxofficemojo.com/release/rl2546630657/?ref_=bo_fr_table_9
Men in Black,Men in Black,1997-07-02,Sony Pictures Releasing,https://www.boxofficemojo.com/release/rl1264748033/?ref_=bo_fr_table_1
Men in Black,Men in Black II,2002-07-03,Sony Pictures Releasing,https://www.boxofficemojo.com/release/rl1281525249/?ref_=bo_fr_table_2
Men in Black,Men in Black³,2012-05-25,Sony Pictures Releasing,https://www.boxofficemojo.com/release/rl1298302465/?ref_=bo_fr_table_3
Men in Black,Men in Black: International,2019-06-14,Sony Pictures Releasing,https://www.boxofficemojo.com/release/rl2986509825/?ref_=bo_fr_table_4
Men in Black,Spider-Man/Men in Black II,2002-09-06,Sony Pictures Releasing,https://www.boxofficemojo.com/release/rl695436801/?ref_=bo_fr_table_5
Monsterverse,Godzilla,2014-05-16,Warner Bros.,https://www.boxofficemojo.com/release/rl3193210369/?ref_=bo_fr_table_1
Monsterverse,Godzilla x Kong: The New Empire,2024-03-29,Warner Bros.,https://www.boxofficemojo.com/release/rl3351937793/?ref_=bo_fr_table_2
Monsterverse,Kong: Skull Island,2017-03-10,Warner Bros.,https://www.boxofficemojo.com/release/rl710837761/?ref_=bo_fr_table_3
Monsterverse,Godzilla: King of the Monsters,2019-05-31,Warner Bros.,https://www.boxofficemojo.com/release/rl2991883777/?ref_=bo_fr_table_4
Monsterverse,Godzilla vs. Kong,2021-03-31,Warner Bros.,https://www.boxofficemojo.com/release/rl1383892481/?ref_=bo_fr_table_5
Rocky,Rocky IV,1985-11-27,United Artists,https://www.boxofficemojo.com/release/rl3043788289/?ref_=bo_fr_table_1
Rocky,Rocky III,1982-05-28,United Artists,https://www.boxofficemojo.com/release/rl3010233857/?ref_=bo_fr_table_2
Rocky,Rocky,1976-11-21,United Artists,https://www.boxofficemojo.com/release/rl2976679425/?ref_=bo_fr_table_3
Rocky,Creed II,2018-11-21,Metro-Goldwyn-Mayer (MGM),https://www.boxofficemojo.com/release/rl1594197505/?ref_=bo_fr_table_4
Rocky,Creed,2015-11-25,Warner Bros.,https://www.boxofficemojo.com/release/rl1598916097/?ref_=bo_fr_table_5
Rocky,Rocky II,1979-06-15,United Artists,https://www.boxofficemojo.com/release/rl2993456641/?ref_=bo_fr_table_6
Rocky,Rocky Balboa,2006-12-20,Metro-Goldwyn-Mayer (MGM),https://www.boxofficemojo.com/release/rl3077342721/?ref_=bo_fr_table_7
Rocky,Rocky V,1990-11-16,United Artists,https://www.boxofficemojo.com/release/rl3060565505/?ref_=bo_fr_table_8
Rocky,Rocky III,1983-05-06,Metro-Goldwyn-Mayer (MGM),https://www.boxofficemojo.com/release/rl3027011073/?ref_=bo_fr_table_9
Rocky,Creed,,Warner Bros.,https://www.boxofficemojo.com/release/rl2737865473/?ref_=bo_fr_table_10
The Lord of the Rings,The Lord of the Rings: The Return of the King,2003-12-17,New Line Cinema,https://www.boxofficemojo.com/release/rl4251026945/?ref_=bo_fr_table_1
The Lord of the Rings,The Lord of the Rings: The Two Towers,2002-12-18,New Line Cinema,https://www.boxofficemojo.com/release/rl4032923137/?ref_=bo_fr_table_2
The Lord of the Rings,The Lord of the Rings: The Fellowship of the Ring,2001-12-19,New Line Cinema,https://www.boxofficemojo.com/release/rl4200695297/?ref_=bo_fr_table_3
The Lord of the Rings,The Lord of the Rings,1978-11-15,United Artists,https://www.boxofficemojo.com/release/rl4066477569/?ref_=bo_fr_table_4
The Lord of the Rings,The Lord of the Rings: The Fellowship of the Ring,2024-06-07,Fathom Events,https://www.boxofficemojo.com/release/rl1515814913/?ref_=bo_fr_table_5
The Lord of the Rings,The Lord of the Rings: The Two Towers,2024-06-07,Fathom Events,https://www.boxofficemojo.com/release/rl1566146561/?ref_=bo_fr_table_6
The Lord of the Rings,The Lord of the Rings: The Return of the King,2024-06-10,Fathom Events,https://www.boxofficemojo.com/release/rl1348042753/?ref_=bo_fr_table_7
The Lord of the Rings,The Lord of the Rings: The Two Towers,2003-12-12,New Line Cinema,https://www.boxofficemojo.com/release/rl4234249729/?ref_=bo_fr_table_8
The Lord of the Rings,The Lord of the Rings: The Fellowship of the Ring,2003-12-05,New Line Cinema,https://www.boxofficemojo.com/release/rl4217472513/?ref_=bo_fr_table_9
The Lord of the Rings,The Lord of the Rings: The Return of the King,2023-04-13,Fathom Events,https://www.boxofficemojo.com/release/rl3984687873/?ref_=bo_fr_table_10
The Lord of the Rings,The Lord of the Rings: The Return of the King,2011-06-28,Warner Bros.,https://www.boxofficemojo.com/release/rl4049700353/?ref_=bo_fr_table_11
The Lord of the Rings,The Lord of the Rings: The Fellowship of the Ring,2011-06-14,Warner Bros.,https://www.boxofficemojo.com/release/rl4267804161/?ref_=bo_fr_table_12
The Lord of the Rings,The Lord of the Rings: The Two Towers,2011-06-21,Warner Bros.,https://www.boxofficemojo.com/release/rl4284581377/?ref_=bo_fr_table_13
The Lord of the Rings,The Lord of the Rings: The Fellowship of the Ring,2021-02-05,New Line Cinema,https://www.boxofficemojo.com/release/rl1550484225/?ref_=bo_fr_table_14
The Lord of the Rings,The Lord of the Rings: The Return of the King,,Warner Bros.,https://www.boxofficemojo.com/release/rl808682241/?ref_=bo_fr_table_15
The Lord of the Rings,The Lord of the Rings: The Two Towers,,Warner Bros.,https://www.boxofficemojo.com/release/rl825459457/?ref_=bo_fr_table_16
The Hobbit,The Hobbit: An Unexpected Journey,2012-12-14,Warner Bros.,https://www.boxofficemojo.com/release/rl2321122817/?ref_=bo_fr_table_1
The Hobbit,The Hobbit: The Desolation of Smaug,2013-12-13,Warner Bros.,https://www.boxofficemojo.com/release/rl2337900033/?ref_=bo_fr_table_2
The Hobbit,The Hobbit: The Battle of the Five Armies,2014-12-17,Warner Bros.,https://www.boxofficemojo.com/release/rl2354677249/?ref_=bo_fr_table_3
The Hobbit,The Hobbit: An Unexpected Journey,,Warner Bros.,https://www.boxofficemojo.com/release/rl3123938049/?ref_=bo_fr_table_4
The Hobbit,The Hobbit: The Desolation of Smaug,,Warner Bros.,https://www.boxofficemojo.com/release/rl2419098369/?ref_=bo_fr_table_5
The Hobbit,The Hobbit: The Battle of the Five Armies,,Warner Bros.,https://www.boxofficemojo.com/release/rl2452652801/?ref_=bo_fr_table_6
Despicable Me,Minions: The Rise of Gru,2022-07-01,Universal Pictures,https://www.boxofficemojo.com/release/rl1736214017/?ref_=bo_fr_table_1
Despicable Me,Despicable Me 2,2013-07-03,Universal Pictures,https://www.boxofficemojo.com/release/rl105874945/?ref_=bo_fr_table_2
Despicable Me,Despicable Me 4,2024-07-03,Universal Pictures,https://www.boxofficemojo.com/release/rl2603516673/?ref_=bo_fr_table_3
Despicable Me,Minions,2015-07-10,Universal Pictures,https://www.boxofficemojo.com/release/rl2271380993/?ref_=bo_fr_table_4
Despicable Me,Despicable Me 3,2017-06-30,Universal Pictures,https://www.boxofficemojo.com/release/rl122652161/?ref_=bo_fr_table_5
Despicable Me,Despicable Me,2010-07-09,Universal Pictures,https://www.boxofficemojo.com/release/rl2018477569/?ref_=bo_fr_table_6
Despicable Me,Despicable Me,,Universal Pictures International (UPI),https://www.boxofficemojo.com/release/rl2133885697/?ref_=bo_fr_table_7
James Bond,Skyfall,2012-11-09,Sony Pictures Releasing,https://www.boxofficemojo.com/release/rl1346799105/?ref_=bo_fr_table_1
James Bond,Spectre,2015-11-06,Sony Pictures Releasing,https://www.boxofficemojo.com/release/rl1363576321/?ref_=bo_fr_table_2
James Bond,Quantum of Solace,2008-11-14,Sony Pictures Releasing,https://www.boxofficemojo.com/release/rl3445261825/?ref_=bo_fr_table_3
James Bond,Casino Royale,2006-11-17,Sony Pictures Releasing,https://www.boxofficemojo.com/release/rl3428484609/?ref_=bo_fr_table_4
James Bond,Die Another Day,2002-11-22,Metro-Goldwyn-Mayer (MGM),https://www.boxofficemojo.com/release/rl2974778881/?ref_=bo_fr_table_5
James Bond,No Time to Die,2021-10-08,Metro-Goldwyn-Mayer (MGM),https://www.boxofficemojo.com/release/rl4077159937/?ref_=bo_fr_table_6
James Bond,The World Is Not Enough,1999-11-19,Metro-Goldwyn-Mayer (MGM),https://www.boxofficemojo.com/release/rl3598419457/?ref_=bo_fr_table_7
James Bond,Tomorrow Never Dies,1997-12-19,Metro-Goldwyn-Mayer (MGM),https://www.boxofficemojo.com/release/rl3597960705/?ref_=bo_fr_table_8
James Bond,GoldenEye,1995-11-17,Metro-Goldwyn-Mayer (MGM),https://www.boxofficemojo.com/release/rl2622785025/?ref_=bo_fr_table_9
James Bond,Moonraker,1979-06-29,Metro-Goldwyn-Mayer (MGM),https://www.boxofficemojo.com/release/rl1516602881/?ref_=bo_fr_table_10
James Bond,Octopussy,1983-06-10,Metro-Goldwyn-Mayer (MGM),https://www.boxofficemojo.com/release/rl275154433/?ref_=bo_fr_table_11
James Bond,Thunderball,1965-12-21,United Artists,https://www.boxofficemojo.com/release/rl2574550529/?ref_=bo_fr_table_12
James Bond,Never Say Never Again,1983-10-07,Warner Bros.,https://www.boxofficemojo.com/release/rl3496248833/?ref_=bo_fr_table_13
James Bond,For Your Eyes Only,1981-06-26,Metro-Goldwyn-Mayer (MGM),https://www.boxofficemojo.com/release/rl4135224833/?ref_=bo_fr_table_14
James Bond,The Living Daylights,1987-07-31,United Artists,https://www.boxofficemojo.com/release/rl643925505/?ref_=bo_fr_table_15
James Bond,Goldfinger,1964-12-22,United Artists,https://www.boxofficemojo.com/release/rl2673116673/?ref_=bo_fr_table_16
James Bond,A View to a Kill,1985-05-24,Metro-Goldwyn-Mayer (MGM),https://www.boxofficemojo.com/release/rl1333364225/?ref_=bo_fr_table_17
James Bond,The Spy Who Loved Me,1977-07-13,United Artists,https://www.boxofficemojo.com/release/rl2004059649/?ref_=bo_fr_table_18
James Bond,Diamonds Are Forever,1971-12-17,United Artists,https://www.boxofficemojo.com/release/rl1313834497/?ref_=bo_fr_table_19
James Bond,You Only Live Twice,1967-06-13,United Artists,https://www.boxofficemojo.com/release/rl2541389313/?ref_=bo_fr_table_20
James Bond,Live and Let Die,1973-06-27,United Artists,https://www.boxofficemojo.com/release/rl526484993/?ref_=bo_fr_table_21
James Bond,Licence to Kill,1989-07-14,United Artists,https://www.boxofficemojo.com/release/rl3143534081/?ref_=bo_fr_table_22
James Bond,From Russia with Love,1964-04-08,United Artists,https://www.boxofficemojo.com/release/rl458589697/?ref_=bo_fr_table_23
James Bond,On Her Majesty's Secret Service,1969-12-18,United Artists,https://www.boxofficemojo.com/release/rl123307521/?ref_=bo_fr_table_24
James Bond,The Man with the Golden Gun,1974-12-18,United Artists,https://www.boxofficemojo.com/release/rl1013155329/?ref_=bo_fr_table_25
James Bond,Dr. No,1963-05-08,United Artists,https://www.boxofficemojo.com/release/rl2605614593/?ref_=bo_fr_table_26
Terminator,Terminator 2: Judgment Day,1991-07-03,TriStar Pictures,https://www.boxofficemojo.com/release/rl3396699649/?ref_=bo_fr_table_1
Terminator,Terminator 3: Rise of the Machines,2003-07-02,Warner Bros.,https://www.boxofficemojo.com/release/rl3413476865/?ref_=bo_fr_table_2
Terminator,Terminator Salvation,2009-05-21,Warner Bros.,https://www.boxofficemojo.com/release/rl3430254081/?ref_=bo_fr_table_3
Terminator,Terminator Genisys,2015-07-01,Paramount Pictures,https://www.boxofficemojo.com/release/rl3447031297/?ref_=bo_fr_table_4
Terminator,Terminator: Dark Fate,2019-11-01,Paramount Pictures,https://www.boxofficemojo.com/release/rl3103950337/?ref_=bo_fr_table_5
Terminator,The Terminator,1984-10-26,Orion Pictures,https://www.boxofficemojo.com/release/rl3480585729/?ref_=bo_fr_table_6
Terminator,Terminator 2: Judgment Day,2017-08-25,Distrib Films,https://www.boxofficemojo.com/release/rl1040352769/?ref_=bo_fr_table_7
Predator,Alien vs. Predator,2004-08-13,Twentieth Century Fox,https://www.boxofficemojo.com/release/rl776308225/?ref_=bo_fr_table_1
Predator,Predator,1987-06-12,Twentieth Century Fox,https://www.boxofficemojo.com/release/rl2909505025/?ref_=bo_fr_table_2
Predator,Predators,2010-07-09,Twentieth Century Fox,https://www.boxofficemojo.com/release/rl2926282241/?ref_=bo_fr_table_3
Predator,The Predator,2018-09-14,Twentieth Century Fox,https://www.boxofficemojo.com/release/rl1082099201/?ref_=bo_fr_table_4
Predator,Aliens vs. Predator: Requiem,2007-12-25,Twentieth Century Fox,https://www.boxofficemojo.com/release/rl793085441/?ref_=bo_fr_table_5
Predator,Predator 2,1990-11-21,Twentieth Century Fox,https://www.boxofficemojo.com/release/rl2892727809/?ref_=bo_fr_table_6
Predator,Predator: Badlands,2025-11-07,Walt Disney Studios Motion Pictures,https://www.boxofficemojo.com/release/rl2417000449/?ref_=bo_fr_table_7
Resident Evil,Resident Evil: Afterlife,2010-09-10,Screen Gems,https://www.boxofficemojo.com/release/rl2154661377/?ref_=bo_fr_table_1
Resident Evil,Resident Evil: Apocalypse,2004-09-10,Screen Gems,https://www.boxofficemojo.com/release/rl2171438593/?ref_=bo_fr_table_2
Resident Evil,Resident Evil: Extinction,2007-09-21,Screen Gems,https://www.boxofficemojo.com/release/rl2406319617/?ref_=bo_fr_table_3
Resident Evil,Resident Evil: Retribution,2012-09-14,Screen Gems,https://www.boxofficemojo.com/release/rl2389542401/?ref_=bo_fr_table_4
Resident Evil,Resident Evil,2002-03-15,Screen Gems,https://www.boxofficemojo.com/release/rl2372765185/?ref_=bo_fr_table_5
Resident Evil,Resident Evil: The Final Chapter,2017-01-27,Screen Gems,https://www.boxofficemojo.com/release/rl1199408641/?ref_=bo_fr_table_6
The Purge,The Purge: Election Year,2016-07-01,Universal Pictures,https://www.boxofficemojo.com/release/rl1718257153/?ref_=bo_fr_table_1
The Purge,The Purge: Anarchy,2014-07-18,Universal Pictures,https://www.boxofficemojo.com/release/rl1701479937/?ref_=bo_fr_table_2
The Purge,The First Purge,2018-07-04,Universal Pictures,https://www.boxofficemojo.com/release/rl1526760961/?ref_=bo_fr_table_3
The Purge,The Purge,2013-06-07,Universal Pictures,https://www.boxofficemojo.com/release/rl1684702721/?ref_=bo_fr_table_4
The Purge,The Forever Purge,2021-07-02,Universal Pictures,https://www.boxofficemojo.com/release/rl84444673/?ref_=bo_fr_table_5
Mad Max,Mad Max: Fury Road,2015-05-15,Warner Bros.,https://www.boxofficemojo.com/release/rl1851098625/?ref_=bo_fr_table_1
Mad Max,Furiosa: A Mad Max Saga,2024-05-24,Warner Bros.,https://www.boxofficemojo.com/release/rl627344129/?ref_=bo_fr_table_2
Mad Max,Mad Max Beyond Thunderdome,1985-07-12,Warner Bros.,https://www.boxofficemojo.com/release/rl2824898049/?ref_=bo_fr_table_3
Mad Max,The Road Warrior,1982-05-21,Warner Bros.,https://www.boxofficemojo.com/release/rl1701611009/?ref_=bo_fr_table_4
Mad Max,Mad Max,1980-03-21,Filmways Pictures,https://www.boxofficemojo.com/release/rl3076556289/?ref_=bo_fr_table_5
Mad Max,Mad Max: Fury Road,2016-01-15,Warner Bros.,https://www.boxofficemojo.com/release/rl3707864577/?ref_=bo_fr_table_6
Mad Max,Mad Max: Fury Road,,Warner Bros.,https://www.boxofficemojo.com/release/rl1664320257/?ref_=bo_fr_table_7
The Muppets,The Muppets,2011-11-23,Walt Disney Studios Motion Pictures,https://www.boxofficemojo.com/release/rl3445982721/?ref_=bo_fr_table_1
The Muppets,The Muppet Movie,1979-06-22,Associated Film Distribution (AFD),https://www.boxofficemojo.com/release/rl3429205505/?ref_=bo_fr_table_2
The Muppets,Muppets Most Wanted,2014-03-21,Walt Disney Studios Motion Pictures,https://www.boxofficemojo.com/release/rl3462759937/?ref_=bo_fr_table_3
The Muppets,Muppet Treasure Island,1996-02-16,Walt Disney Studios Motion Pictures,https://www.boxofficemojo.com/release/rl3227878913/?ref_=bo_fr_table_4
The Muppets,The Great Muppet Caper,1981-06-26,Universal Pictures,https://www.boxofficemojo.com/release/rl3412428289/?ref_=bo_fr_table_5
The Muppets,The Muppet Christmas Carol,1992-12-11,Walt Disney Studios Motion Pictures,https://www.boxofficemojo.com/release/rl3395651073/?ref_=bo_fr_table_6
The Muppets,The Muppets Take Manhattan,1984-07-13,TriStar Pictures,https://www.boxofficemojo.com/release/rl3244656129/?ref_=bo_fr_table_7
The Muppets,Muppets from Space,1999-07-14,Sony Pictures Releasing,https://www.boxofficemojo.com/release/rl3479537153/?ref_=bo_fr_table_8
The Muppets,The Muppet Movie,2019-07-25,Fathom Events,https://www.boxofficemojo.com/release/rl3523773953/?ref_=bo_fr_table_9
The Muppets,The Muppet Christmas Carol,2020-12-18,Walt Disney Studios Motion Pictures,https://www.boxofficemojo.com/release/rl375751425/?ref_=bo_fr_table_10
The Muppets,The Muppet Movie,2024-06-02,Fathom Events,https://www.boxofficemojo.com/release/rl3208937473/?ref_=bo_fr_table_11
Taken,Taken,2009-01-30,Twentieth Century Fox,https://www.boxofficemojo.com/release/rl1635091969/?ref_=bo_fr_table_1
Taken,Taken 2,2012-10-05,Twentieth Century Fox,https://www.boxofficemojo.com/release/rl1651869185/?ref_=bo_fr_table_2
Taken,Taken 3,2015-01-09,Twentieth Century Fox,https://www.boxofficemojo.com/release/rl1668646401/?ref_=bo_fr_table_3
Friday the 13th,Freddy vs. Jason,2003-08-15,New Line Cinema,https://www.boxofficemojo.com/release/rl3914499585/?ref_=bo_fr_table_1
Friday the 13th,Friday the 13th,2009-02-13,Warner Bros.,https://www.boxofficemojo.com/release/rl945128961/?ref_=bo_fr_table_2
Friday the 13th,Friday the 13th,1980-05-09,Paramount Pictures,https://www.boxofficemojo.com/release/rl3344074241/?ref_=bo_fr_table_3
Friday the 13th,Friday the 13th: Part 3,1982-08-13,Paramount Pictures,https://www.boxofficemojo.com/release/rl3226633729/?ref_=bo_fr_table_4
Friday the 13th,Friday the 13th: The Final Chapter,1984-04-13,Paramount Pictures,https://www.boxofficemojo.com/release/rl3327297025/?ref_=bo_fr_table_5
Friday the 13th,Friday the 13th: A New Beginning,1985-03-22,Paramount Pictures,https://www.boxofficemojo.com/release/rl3260188161/?ref_=bo_fr_table_6
Friday the 13th,Friday the 13th: Part 2,1981-04-30,Paramount Pictures,https://www.boxofficemojo.com/release/rl3478291969/?ref_=bo_fr_table_7
Friday the 13th,Friday the 13th Part VI: Jason Lives,1986-08-01,Paramount Pictures,https://www.boxofficemojo.com/release/rl3276965377/?ref_=bo_fr_table_8
Friday the 13th,Friday the 13th: The New Blood,1988-05-13,Paramount Pictures,https://www.boxofficemojo.com/release/rl3293742593/?ref_=bo_fr_table_9
Friday the 13th,Jason Goes to Hell: The Final Friday,1993-08-13,New Line Cinema,https://www.boxofficemojo.com/release/rl3713697281/?ref_=bo_fr_table_10
Friday the 13th,Friday the 13th Part VIII: Jason Takes Manhattan,1989-07-28,Paramount Pictures,https://www.boxofficemojo.com/release/rl3310519809/?ref_=bo_fr_table_11
Friday the 13th,Jason X,2002-04-26,New Line Cinema,https://www.boxofficemojo.com/release/rl3747251713/?ref_=bo_fr_table_12
Friday the 13th,Friday the 13th: Part 3,1983-05-13,Paramount Pictures,https://www.boxofficemojo.com/release/rl3243410945/?ref_=bo_fr_table_13
Friday the 13th,Freddy vs. Jason,,Warner Bros.,https://www.boxofficemojo.com/release/rl4197483265/?ref_=bo_fr_table_14
Back to the Future,Back to the Future,1985-07-03,Universal Pictures,https://www.boxofficemojo.com/release/rl2974385665/?ref_=bo_fr_table_1
Back to the Future,Back to the Future Part II,1989-11-22,Universal Pictures,https://www.boxofficemojo.com/release/rl2991162881/?ref_=bo_fr_table_2
Back to the Future,Back to the Future Part III,1990-05-25,Universal Pictures,https://www.boxofficemojo.com/release/rl3007940097/?ref_=bo_fr_table_3
Back to the Future,Back To The Future Day,2015-10-21,Universal Home Video,https://www.boxofficemojo.com/release/rl1451001345/?ref_=bo_fr_table_4
Back to the Future,Back To The Future Day,2015-10-21,Universal Home Video,https://www.boxofficemojo.com/release/rl1451001345/?ref_=bo_fr_table_5
Back to the Future,Back To The Future Day,2015-10-21,Universal Home Video,https://www.boxofficemojo.com/release/rl1451001345/?ref_=bo_fr_table_6
Back to the Future,Back to the Future,,Universal Pictures International (UPI),https://www.boxofficemojo.com/release/rl204505857/?ref_=bo_fr_table_7
Back to the Future,Back to the Future,2020-07-31,Universal Pictures,https://www.boxofficemojo.com/release/rl340361985/?ref_=bo_fr_table_8
Back to the Future,Back to the Future,2023-10-21,Fathom Events,https://www.boxofficemojo.com/release/rl329614081/?ref_=bo_fr_table_9
Lethal Weapon,Lethal Weapon 2,1989-07-07,Warner Bros.,https://www.boxofficemojo.com/release/rl1868465665/?ref_=bo_fr_table_1
Lethal Weapon,Lethal Weapon 3,1992-05-15,Warner Bros.,https://www.boxofficemojo.com/release/rl1616807425/?ref_=bo_fr_table_2
Lethal Weapon,Lethal Weapon 4,1998-07-10,Warner Bros.,https://www.boxofficemojo.com/release/rl1633584641/?ref_=bo_fr_table_3
Lethal Weapon,Lethal Weapon,1987-03-06,Warner Bros.,https://www.boxofficemojo.com/release/rl1667139073/?ref_=bo_fr_table_4
Die Hard,Live Free or Die Hard,2007-06-27,Twentieth Century Fox,https://www.boxofficemojo.com/release/rl3025110529/?ref_=bo_fr_table_1
Die Hard,Die Hard 2,1990-07-06,Twentieth Century Fox,https://www.boxofficemojo.com/release/rl1380943361/?ref_=bo_fr_table_2
Die Hard,Die Hard with a Vengeance,1995-05-19,Twentieth Century Fox,https://www.boxofficemojo.com/release/rl3008333313/?ref_=bo_fr_table_3
Die Hard,Die Hard,1988-07-15,Twentieth Century Fox,https://www.boxofficemojo.com/release/rl2991556097/?ref_=bo_fr_table_4
Die Hard,A Good Day to Die Hard,2013-02-14,Twentieth Century Fox,https://www.boxofficemojo.com/release/rl3041887745/?ref_=bo_fr_table_5
Die Hard,Die Hard,2023-12-08,Twenty First Century Entertainment,https://www.boxofficemojo.com/release/rl3108274177/?ref_=bo_fr_table_6
Die Hard,Die Hard,2018-11-11,Fathom Events,https://www.boxofficemojo.com/release/rl235308545/?ref_=bo_fr_table_7
Die Hard,Die Hard,2020-12-04,Walt Disney Studios Motion Pictures,https://www.boxofficemojo.com/release/rl3412165377/?ref_=bo_fr_table_8
Venom,Venom: Let There Be Carnage,2021-10-01,Sony Pictures Releasing,https://www.boxofficemojo.com/release/rl1908310529/?ref_=bo_fr_table_1
Venom,Venom,2018-10-05,Sony Pictures Releasing,https://www.boxofficemojo.com/release/rl2734720513/?ref_=bo_fr_table_2
Venom,Venom: The Last Dance,2024-10-25,Sony Pictures Releasing,https://www.boxofficemojo.com/release/rl3290006273/?ref_=bo_fr_table_3
LEGO,The Lego Movie,2014-02-07,Warner Bros.,https://www.boxofficemojo.com/release/rl643728897/?ref_=bo_fr_table_1
LEGO,The Lego Batman Movie,2017-02-10,Warner Bros.,https://www.boxofficemojo.com/release/rl660506113/?ref_=bo_fr_table_2
LEGO,The Lego Movie 2: The Second Part,2019-02-08,Warner Bros.,https://www.boxofficemojo.com/release/rl1517848065/?ref_=bo_fr_table_3
LEGO,The Lego Ninjago Movie,2017-09-22,Warner Bros.,https://www.boxofficemojo.com/release/rl1567065601/?ref_=bo_fr_table_4
LEGO,The Lego Movie,,Warner Bros.,https://www.boxofficemojo.com/release/rl3476062977/?ref_=bo_fr_table_5
LEGO,The Lego Batman Movie,,Warner Bros.,https://www.boxofficemojo.com/release/rl3224404737/?ref_=bo_fr_table_6
LEGO,The Lego Movie 2: The Second Part,,Warner Bros.,https://www.boxofficemojo.com/release/rl3241181953/?ref_=bo_fr_table_7
LEGO,The Lego Ninjago Movie,,Warner Bros.,https://www.boxofficemojo.com/release/rl3325068033/?ref_=bo_fr_table_8
Indiana Jones,Indiana Jones and the Kingdom of the Crystal Skull,2008-05-22,Paramount Pictures,https://www.boxofficemojo.com/release/rl2321253889/?ref_=bo_fr_table_1
Indiana Jones,Raiders of the Lost Ark,1981-06-12,Paramount Pictures,https://www.boxofficemojo.com/release/rl4083844609/?ref_=bo_fr_table_2
Indiana Jones,Indiana Jones and the Last Crusade,1989-05-24,Paramount Pictures,https://www.boxofficemojo.com/release/rl2539357697/?ref_=bo_fr_table_3
Indiana Jones,Indiana Jones and the Temple of Doom,1984-05-23,Paramount Pictures,https://www.boxofficemojo.com/release/rl2455471617/?ref_=bo_fr_table_4
Indiana Jones,Indiana Jones and the Dial of Destiny,2023-06-30,Walt Disney Studios Motion Pictures,https://www.boxofficemojo.com/release/rl2776598017/?ref_=bo_fr_table_5
Indiana Jones,Raiders of the Lost Ark,1982-07-16,Paramount Pictures,https://www.boxofficemojo.com/release/rl4100621825/?ref_=bo_fr_table_6
Indiana Jones,Raiders of the Lost Ark,1983-03-25,Paramount Pictures,https://www.boxofficemojo.com/release/rl4117399041/?ref_=bo_fr_table_7
Indiana Jones,Raiders of the Lost Ark,2012-09-07,Paramount Pictures,https://www.boxofficemojo.com/release/rl4067067393/?ref_=bo_fr_table_8
Indiana Jones,Raiders of the Lost Ark,2023-06-04,Fathom Events,https://www.boxofficemojo.com/release/rl3935077121/?ref_=bo_fr_table_9
Indiana Jones,Indiana Jones and the Last Crusade,2025-06-15,Fathom Events,https://www.boxofficemojo.com/release/rl3795484673/?ref_=bo_fr_table_10
Toy Story,Toy Story 4,2019-06-21,Walt Disney Studios Motion Pictures,https://www.boxofficemojo.com/release/rl3798500865/?ref_=bo_fr_table_1
Toy Story,Toy Story 3,2010-06-18,Walt Disney Studios Motion Pictures,https://www.boxofficemojo.com/release/rl1383564801/?ref_=bo_fr_table_2
Toy Story,Toy Story 2,1999-11-19,Walt Disney Studios Motion Pictures,https://www.boxofficemojo.com/release/rl1417119233/?ref_=bo_fr_table_3
Toy Story,Toy Story,1995-11-22,Walt Disney Studios Motion Pictures,https://www.boxofficemojo.com/release/rl1400342017/?ref_=bo_fr_table_4
Toy Story,Toy Story,2009-10-02,Walt Disney Studios Motion Pictures,https://www.boxofficemojo.com/release/rl1366787585/?ref_=bo_fr_table_5
Toy Story,Toy Story,2020-11-06,Walt Disney Studios Motion Pictures,https://www.boxofficemojo.com/release/rl1700430593/?ref_=bo_fr_table_6
Shrek,Shrek 2,2004-05-19,DreamWorks Distribution,https://www.boxofficemojo.com/release/rl24217089/?ref_=bo_fr_table_1
Shrek,Shrek the Third,2007-05-18,DreamWorks,https://www.boxofficemojo.com/release/rl40994305/?ref_=bo_fr_table_2
Shrek,Shrek,2001-05-16,DreamWorks Distribution,https://www.boxofficemojo.com/release/rl7439873/?ref_=bo_fr_table_3
Shrek,Shrek Forever After,2010-05-21,DreamWorks,https://www.boxofficemojo.com/release/rl57771521/?ref_=bo_fr_table_4
Shrek,Puss in Boots: The Last Wish,2022-12-21,Universal Pictures,https://www.boxofficemojo.com/release/rl3899622145/?ref_=bo_fr_table_5
Shrek,Puss in Boots,2011-10-28,DreamWorks,https://www.boxofficemojo.com/release/rl1214940673/?ref_=bo_fr_table_6
Shrek,Shrek 2,2024-04-12,DreamWorks,https://www.boxofficemojo.com/release/rl3143663617/?ref_=bo_fr_table_7
Shrek,Shrek,,Universal Pictures,https://www.boxofficemojo.com/release/rl1882227457/?ref_=bo_fr_table_8
Avatar,Avatar,2009-12-18,Twentieth Century Fox,https://www.boxofficemojo.com/release/rl876971521/?ref_=bo_fr_table_1
Avatar,Avatar: The Way of Water,2022-12-16,20th Century Studios,https://www.boxofficemojo.com/release/rl3372254721/?ref_=bo_fr_table_2
Avatar,Avatar,2022-09-23,Walt Disney Pictures,https://www.boxofficemojo.com/release/rl2319418113/?ref_=bo_fr_table_3
Avatar,Avatar,2010-08-27,Twentieth Century Fox,https://www.boxofficemojo.com/release/rl893748737/?ref_=bo_fr_table_4
Avatar,Avatar 5,2031-12-19,20th Century Studios,https://www.boxofficemojo.com/release/rl3422586369/?ref_=bo_fr_table_5
Avatar,Avatar: The Way of Water,2025-10-03,Walt Disney Studios Motion Pictures,https://www.boxofficemojo.com/release/rl315129857/?ref_=bo_fr_table_6
Avatar,Avatar: Fire and Ash,2025-12-19,20th Century Studios,https://www.boxofficemojo.com/release/rl3389031937/?ref_=bo_fr_table_7
Avatar,Avatar 4,2029-12-21,20th Century Studios,https://www.boxofficemojo.com/release/rl3405809153/?ref_=bo_fr_table_8
Joker,Joker,2019-10-04,Warner Bros.,https://www.boxofficemojo.com/release/rl252151297/?ref_=bo_fr_table_1
Joker,Joker: Folie à Deux,2024-10-04,Warner Bros.,https://www.boxofficemojo.com/release/rl2339995649/?ref_=bo_fr_table_2
Joker,Joker,,Warner Bros.,https://www.boxofficemojo.com/release/rl2922414849/?ref_=bo_fr_table_3
Fantastic Four,The Fantastic Four: First Steps,2025-07-25,Walt Disney Studios Motion Pictures,https://www.boxofficemojo.com/release/rl2429649665/?ref_=bo_fr_table_1
Fantastic Four,Fantastic Four,2005-07-08,Twentieth Century Fox,https://www.boxofficemojo.com/release/rl3662710273/?ref_=bo_fr_table_2
Fantastic Four,Fantastic Four: Rise of the Silver Surfer,2007-06-15,Twentieth Century Fox,https://www.boxofficemojo.com/release/rl3679487489/?ref_=bo_fr_table_3
Fantastic Four,Fantastic Four,2015-08-07,Twentieth Century Fox,https://www.boxofficemojo.com/release/rl3864036865/?ref_=bo_fr_table_4
Blade,Blade II,2002-03-22,New Line Cinema,https://www.boxofficemojo.com/release/rl2152171009/?ref_=bo_fr_table_1
Blade,Blade,1998-08-21,New Line Cinema,https://www.boxofficemojo.com/release/rl2403829249/?ref_=bo_fr_table_2
Blade,Blade: Trinity,2004-12-08,New Line Cinema,https://www.boxofficemojo.com/release/rl2168948225/?ref_=bo_fr_table_3
Blade,Blade,,Walt Disney Studios Motion Pictures,https://www.boxofficemojo.com/release/rl3584262657/?ref_=bo_fr_table_4
